[
    {
        "pk": 407,
        "model": "eav.attribute",
        "fields": {
            "description": "Number of children",
            "created": "2012-06-14 12:39:41",
            "datatype": "int",
            "enum_group": null,
            "required": false,
            "site": 1,
            "modified": "2012-06-14 12:39:41",
            "type": null,
            "slug": "tet_dose2",
            "name": "Dose 2"
        }
    },
    {
        "pk": 408,
        "model": "eav.attribute",
        "fields": {
            "description": "Number of children",
            "created": "2012-06-14 12:39:42",
            "datatype": "int",
            "enum_group": null,
            "required": false,
            "site": 1,
            "modified": "2012-06-14 12:39:42",
            "type": null,
            "slug": "tet_dose3",
            "name": "Dose 3"
        }
    },
    {
        "pk": 409,
        "model": "eav.attribute",
        "fields": {
            "description": "Number of children",
            "created": "2012-06-14 12:39:43",
            "datatype": "int",
            "enum_group": null,
            "required": false,
            "site": 1,
            "modified": "2012-06-14 12:39:43",
            "type": null,
            "slug": "tet_dose4",
            "name": "Dose 4"
        }
    },
    {
        "pk": 410,
        "model": "eav.attribute",
        "fields": {
            "description": "Number of children",
            "created": "2012-06-14 12:39:44",
            "datatype": "int",
            "enum_group": null,
            "required": false,
            "site": 1,
            "modified": "2012-06-14 12:39:44",
            "type": null,
            "slug": "tet_dose5",
            "name": "Dose 5"
        }
    },
    {
        "pk": 399,
        "model": "eav.attribute",
        "fields": {
            "description": "Number of female children",
            "created": "2012-06-14 12:29:51",
            "datatype": "int",
            "enum_group": null,
            "required": false,
            "site": 1,
            "modified": "2012-06-14 12:29:51",
            "type": null,
            "slug": "vacm_female",
            "name": "Female Children"
        }
    },
    {
        "pk": 397,
        "model": "eav.attribute",
        "fields": {
            "description": "Number of females",
            "created": "2012-06-14 12:27:53",
            "datatype": "int",
            "enum_group": null,
            "required": false,
            "site": 1,
            "modified": "2012-06-14 12:27:53",
            "type": null,
            "slug": "dpt_female",
            "name": "Female children"
        }
    },
    {
        "pk": 415,
        "model": "eav.attribute",
        "fields": {
            "description": "Number of female children",
            "created": "2012-06-14 12:44:20",
            "datatype": "int",
            "enum_group": null,
            "required": false,
            "site": 1,
            "modified": "2012-06-14 12:44:20",
            "type": null,
            "slug": "breg_female",
            "name": "Female children"
        }
    },
    {
        "pk": 413,
        "model": "eav.attribute",
        "fields": {
            "description": "Number of female children",
            "created": "2012-06-14 12:42:37",
            "datatype": "int",
            "enum_group": null,
            "required": false,
            "site": 1,
            "modified": "2012-06-14 12:42:37",
            "type": null,
            "slug": "eid_female",
            "name": "Female children"
        }
    },
    {
        "pk": 405,
        "model": "eav.attribute",
        "fields": {
            "description": "Number of female children",
            "created": "2012-06-14 12:35:01",
            "datatype": "int",
            "enum_group": null,
            "required": false,
            "site": 1,
            "modified": "2012-06-14 12:35:01",
            "type": null,
            "slug": "worm_female",
            "name": "Female children"
        }
    },
    {
        "pk": 401,
        "model": "eav.attribute",
        "fields": {
            "description": "Number of female children 1 year",
            "created": "2012-06-14 12:33:05",
            "datatype": "int",
            "enum_group": null,
            "required": false,
            "site": 1,
            "modified": "2012-06-14 12:33:05",
            "type": null,
            "slug": "vita_female1",
            "name": "Female children one year"
        }
    },
    {
        "pk": 403,
        "model": "eav.attribute",
        "fields": {
            "description": "Number of female children over 1 year",
            "created": "2012-06-14 12:33:07",
            "datatype": "int",
            "enum_group": null,
            "required": false,
            "site": 1,
            "modified": "2012-06-14 12:33:07",
            "type": null,
            "slug": "vita_female2",
            "name": "Female children over 1 year"
        }
    },
    {
        "pk": 396,
        "model": "eav.attribute",
        "fields": {
            "description": "Number of males",
            "created": "2012-06-14 12:27:51",
            "datatype": "int",
            "enum_group": null,
            "required": false,
            "site": 1,
            "modified": "2012-06-14 12:27:51",
            "type": null,
            "slug": "dpt_male",
            "name": "Male children"
        }
    },
    {
        "pk": 414,
        "model": "eav.attribute",
        "fields": {
            "description": "Number of male children",
            "created": "2012-06-14 12:44:19",
            "datatype": "int",
            "enum_group": null,
            "required": false,
            "site": 1,
            "modified": "2012-06-14 12:44:19",
            "type": null,
            "slug": "breg_male",
            "name": "Male children"
        }
    },
    {
        "pk": 412,
        "model": "eav.attribute",
        "fields": {
            "description": "Number of male children",
            "created": "2012-06-14 12:42:36",
            "datatype": "int",
            "enum_group": null,
            "required": false,
            "site": 1,
            "modified": "2012-06-14 12:42:36",
            "type": null,
            "slug": "eid_male",
            "name": "Male children"
        }
    },
    {
        "pk": 404,
        "model": "eav.attribute",
        "fields": {
            "description": "Number of male children",
            "created": "2012-06-14 12:35:00",
            "datatype": "int",
            "enum_group": null,
            "required": false,
            "site": 1,
            "modified": "2012-06-14 12:35:00",
            "type": null,
            "slug": "worm_male",
            "name": "Male children"
        }
    },
    {
        "pk": 398,
        "model": "eav.attribute",
        "fields": {
            "description": "Number of male children",
            "created": "2012-06-14 12:29:50",
            "datatype": "int",
            "enum_group": null,
            "required": false,
            "site": 1,
            "modified": "2012-06-14 12:29:50",
            "type": null,
            "slug": "vacm_male",
            "name": "Male children"
        }
    },
    {
        "pk": 400,
        "model": "eav.attribute",
        "fields": {
            "description": "Number of male children 1 year",
            "created": "2012-06-14 12:33:04",
            "datatype": "int",
            "enum_group": null,
            "required": false,
            "site": 1,
            "modified": "2012-06-14 12:33:04",
            "type": null,
            "slug": "vita_male1",
            "name": "Male children one year"
        }
    },
    {
        "pk": 402,
        "model": "eav.attribute",
        "fields": {
            "description": "Number of male children over 1 year",
            "created": "2012-06-14 12:33:06",
            "datatype": "int",
            "enum_group": null,
            "required": false,
            "site": 1,
            "modified": "2012-06-14 12:33:06",
            "type": null,
            "slug": "vita_male2",
            "name": "Male children over 1 year"
        }
    },
    {
        "pk": 406,
        "model": "eav.attribute",
        "fields": {
            "description": "Number of children",
            "created": "2012-06-14 12:37:01",
            "datatype": "int",
            "enum_group": null,
            "required": false,
            "site": 1,
            "modified": "2012-06-14 12:37:01",
            "type": null,
            "slug": "redm_number",
            "name": "Number of children"
        }
    },
    {
        "pk": 411,
        "model": "eav.attribute",
        "fields": {
            "description": "Number of children",
            "created": "2012-06-14 12:41:09",
            "datatype": "int",
            "enum_group": null,
            "required": false,
            "site": 1,
            "modified": "2012-06-14 12:41:09",
            "type": null,
            "slug": "anc_number",
            "name": "Number of children"
        }
    },
    {
        "pk": 61,
        "model": "rapidsms_xforms.xform",
        "fields": {
            "name": "DPT3",
            "keyword": "dpt",
            "created": "2012-06-14 12:26:35",
            "restrict_message": "",
            "modified": "2012-06-14 12:26:35",
            "site": 1,
            "owner": 1,
            "separator": ",;:*.\\\\s",
            "restrict_to": [],
            "active": true,
            "command_prefix": "+",
            "response": "Thank you for your response",
            "keyword_prefix": null,
            "description": "Number of children < 1 year that received DPT Hep+Hib 3 vaccine"
        }
    },
    {
        "pk": 62,
        "model": "rapidsms_xforms.xform",
        "fields": {
            "name": "Measles",
            "keyword": "vacm",
            "created": "2012-06-14 12:28:58",
            "restrict_message": "",
            "modified": "2012-06-14 12:28:58",
            "site": 1,
            "owner": 1,
            "separator": ",;:*.\\\\s",
            "restrict_to": [],
            "active": true,
            "command_prefix": "+",
            "response": "Thank you for your submission",
            "keyword_prefix": null,
            "description": "Number of children <1 year that received measles vaccine"
        }
    },
    {
        "pk": 63,
        "model": "rapidsms_xforms.xform",
        "fields": {
            "name": "Vitamin A",
            "keyword": "vita",
            "created": "2012-06-14 12:30:55",
            "restrict_message": "",
            "modified": "2012-06-14 12:30:55",
            "site": 1,
            "owner": 1,
            "separator": ",;:*.\\\\s",
            "restrict_to": [],
            "active": true,
            "command_prefix": "+",
            "response": "Thank you for your submission",
            "keyword_prefix": null,
            "description": "Number of children 6-59 months who received a dose of Vitamin A"
        }
    },
    {
        "pk": 64,
        "model": "rapidsms_xforms.xform",
        "fields": {
            "name": "Deworming",
            "keyword": "worm",
            "created": "2012-06-14 12:34:06",
            "restrict_message": "",
            "modified": "2012-06-14 12:34:06",
            "site": 1,
            "owner": 1,
            "separator": ",;:*.\\\\s",
            "restrict_to": [],
            "active": true,
            "command_prefix": "+",
            "response": "Thank you for your submission",
            "keyword_prefix": null,
            "description": "Number of children 12-59 months years who received de-worming"
        }
    },
    {
        "pk": 65,
        "model": "rapidsms_xforms.xform",
        "fields": {
            "name": "Red MUAC",
            "keyword": "redm",
            "created": "2012-06-14 12:36:30",
            "restrict_message": "",
            "modified": "2012-06-14 12:36:30",
            "site": 1,
            "owner": 1,
            "separator": ",;:*.\\\\s",
            "restrict_to": [],
            "active": true,
            "command_prefix": "+",
            "response": "Thank you for your submission",
            "keyword_prefix": null,
            "description": "Number of children 6-11 months with MUAC in red zone"
        }
    },
    {
        "pk": 66,
        "model": "rapidsms_xforms.xform",
        "fields": {
            "name": "Tetanus 2+",
            "keyword": "tet",
            "created": "2012-06-14 12:38:21",
            "restrict_message": "",
            "modified": "2012-06-14 12:38:21",
            "site": 1,
            "owner": 1,
            "separator": ",;:*.\\\\s",
            "restrict_to": [],
            "active": true,
            "command_prefix": "+",
            "response": "Thank you for your response",
            "keyword_prefix": null,
            "description": "Number of pregnant women given 2 or more doses of Tetanus vaccine (dose 2+3+4+5)"
        }
    },
    {
        "pk": 67,
        "model": "rapidsms_xforms.xform",
        "fields": {
            "name": "ANC4+",
            "keyword": "anc",
            "created": "2012-06-14 12:40:41",
            "restrict_message": "",
            "modified": "2012-06-14 12:40:41",
            "site": 1,
            "owner": 1,
            "separator": ",;:*.\\\\s",
            "restrict_to": [],
            "active": true,
            "command_prefix": "+",
            "response": "Thank you for your response",
            "keyword_prefix": null,
            "description": "Number of pregnant women who have attended 4 or more ANC visits"
        }
    },
    {
        "pk": 68,
        "model": "rapidsms_xforms.xform",
        "fields": {
            "name": "EID",
            "keyword": "eid",
            "created": "2012-06-14 12:41:52",
            "restrict_message": "",
            "modified": "2012-06-14 12:41:52",
            "site": 1,
            "owner": 1,
            "separator": ",;:*.\\\\s",
            "restrict_to": [],
            "active": true,
            "command_prefix": "+",
            "response": "Thank you for your response",
            "keyword_prefix": null,
            "description": "Number of HIV exposed children under 1 year tested for HIV"
        }
    },
    {
        "pk": 69,
        "model": "rapidsms_xforms.xform",
        "fields": {
            "name": "Birth Registration",
            "keyword": "breg",
            "created": "2012-06-14 12:43:41",
            "restrict_message": "",
            "modified": "2012-06-14 12:43:41",
            "site": 1,
            "owner": 1,
            "separator": ",;:*.\\\\s",
            "restrict_to": [],
            "active": true,
            "command_prefix": "+",
            "response": "Thank you for your submission",
            "keyword_prefix": null,
            "description": "Number of chldren under 5 years registered"
        }
    },
    {
        "pk": 396,
        "model": "rapidsms_xforms.xformfield",
        "fields": {
            "field_type": "fuzzynum",
            "question": null,
            "command": "male",
            "order": 0,
            "xform": 61
        }
    },
    {
        "pk": 398,
        "model": "rapidsms_xforms.xformfield",
        "fields": {
            "field_type": "fuzzynum",
            "question": null,
            "command": "male",
            "order": 0,
            "xform": 62
        }
    },
    {
        "pk": 400,
        "model": "rapidsms_xforms.xformfield",
        "fields": {
            "field_type": "fuzzynum",
            "question": null,
            "command": "male1",
            "order": 0,
            "xform": 63
        }
    },
    {
        "pk": 404,
        "model": "rapidsms_xforms.xformfield",
        "fields": {
            "field_type": "fuzzynum",
            "question": null,
            "command": "male",
            "order": 0,
            "xform": 64
        }
    },
    {
        "pk": 406,
        "model": "rapidsms_xforms.xformfield",
        "fields": {
            "field_type": "fuzzynum",
            "question": null,
            "command": "number",
            "order": 0,
            "xform": 65
        }
    },
    {
        "pk": 407,
        "model": "rapidsms_xforms.xformfield",
        "fields": {
            "field_type": "fuzzynum",
            "question": null,
            "command": "dose2",
            "order": 0,
            "xform": 66
        }
    },
    {
        "pk": 411,
        "model": "rapidsms_xforms.xformfield",
        "fields": {
            "field_type": "fuzzynum",
            "question": null,
            "command": "number",
            "order": 0,
            "xform": 67
        }
    },
    {
        "pk": 412,
        "model": "rapidsms_xforms.xformfield",
        "fields": {
            "field_type": "fuzzynum",
            "question": null,
            "command": "male",
            "order": 0,
            "xform": 68
        }
    },
    {
        "pk": 414,
        "model": "rapidsms_xforms.xformfield",
        "fields": {
            "field_type": "fuzzynum",
            "question": null,
            "command": "male",
            "order": 0,
            "xform": 69
        }
    },
    {
        "pk": 397,
        "model": "rapidsms_xforms.xformfield",
        "fields": {
            "field_type": "fuzzynum",
            "question": null,
            "command": "female",
            "order": 1,
            "xform": 61
        }
    },
    {
        "pk": 399,
        "model": "rapidsms_xforms.xformfield",
        "fields": {
            "field_type": "fuzzynum",
            "question": null,
            "command": "female",
            "order": 1,
            "xform": 62
        }
    },
    {
        "pk": 401,
        "model": "rapidsms_xforms.xformfield",
        "fields": {
            "field_type": "fuzzynum",
            "question": null,
            "command": "female1",
            "order": 1,
            "xform": 63
        }
    },
    {
        "pk": 405,
        "model": "rapidsms_xforms.xformfield",
        "fields": {
            "field_type": "fuzzynum",
            "question": null,
            "command": "female",
            "order": 1,
            "xform": 64
        }
    },
    {
        "pk": 408,
        "model": "rapidsms_xforms.xformfield",
        "fields": {
            "field_type": "fuzzynum",
            "question": null,
            "command": "dose3",
            "order": 1,
            "xform": 66
        }
    },
    {
        "pk": 413,
        "model": "rapidsms_xforms.xformfield",
        "fields": {
            "field_type": "fuzzynum",
            "question": null,
            "command": "female",
            "order": 1,
            "xform": 68
        }
    },
    {
        "pk": 415,
        "model": "rapidsms_xforms.xformfield",
        "fields": {
            "field_type": "fuzzynum",
            "question": null,
            "command": "female",
            "order": 1,
            "xform": 69
        }
    },
    {
        "pk": 402,
        "model": "rapidsms_xforms.xformfield",
        "fields": {
            "field_type": "fuzzynum",
            "question": null,
            "command": "male2",
            "order": 2,
            "xform": 63
        }
    },
    {
        "pk": 409,
        "model": "rapidsms_xforms.xformfield",
        "fields": {
            "field_type": "fuzzynum",
            "question": null,
            "command": "dose4",
            "order": 2,
            "xform": 66
        }
    },
    {
        "pk": 403,
        "model": "rapidsms_xforms.xformfield",
        "fields": {
            "field_type": "fuzzynum",
            "question": null,
            "command": "female2",
            "order": 3,
            "xform": 63
        }
    },
    {
        "pk": 410,
        "model": "rapidsms_xforms.xformfield",
        "fields": {
            "field_type": "fuzzynum",
            "question": null,
            "command": "dose5",
            "order": 3,
            "xform": 66
        }
    },
    {
        "pk": 417,
        "model": "eav.attribute",
        "fields": {
            "description": "Total Places Of Worships expected to be reached",
            "created": "2012-08-31 06:00:07",
            "datatype": "int",
            "enum_group": null,
            "required": false,
            "site": 1,
            "modified": "2012-09-26 10:17:52",
            "type": "",
            "slug": "sum_exp",
            "name": "FHD Expected"
        }
    },
    {
        "pk": 420,
        "model": "eav.attribute",
        "fields": {
            "description": "Total Places Of Worships expected to be reached",
            "created": "2012-09-25 03:55:17",
            "datatype": "int",
            "enum_group": null,
            "required": false,
            "site": 1,
            "modified": "2012-09-26 10:18:17",
            "type": "",
            "slug": "summary_exp",
            "name": "FHD Expected (deprecated)"
        }
    },
    {
        "pk": 418,
        "model": "eav.attribute",
        "fields": {
            "description": "Actual Places Of Worship reached",
            "created": "2012-08-31 06:01:21",
            "datatype": "int",
            "enum_group": null,
            "required": false,
            "site": 1,
            "modified": "2012-09-26 10:19:04",
            "type": "",
            "slug": "sum_tot",
            "name": "FHD POWs reached"
        }
    },
    {
        "pk": 416,
        "model": "eav.attribute",
        "fields": {
            "description": "FHD Place of Worship",
            "created": "2012-08-31 05:57:55",
            "datatype": "text",
            "enum_group": null,
            "required": false,
            "site": 1,
            "modified": "2012-09-25 14:04:46",
            "type": "text",
            "slug": "pow_name",
            "name": "FHD Place of Worship"
        }
    },
    {
        "pk": 421,
        "model": "eav.attribute",
        "fields": {
            "description": "Actual Places Of Worship reached",
            "created": "2012-09-25 03:56:49",
            "datatype": "int",
            "enum_group": null,
            "required": false,
            "site": 1,
            "modified": "2012-09-26 10:20:19",
            "type": "",
            "slug": "summary_tot",
            "name": "FHD Reached (deprecated)"
        }
    },
    {
        "pk": 71,
        "model": "rapidsms_xforms.xform",
        "fields": {
            "name": "FHD Summary",
            "keyword": "sum",
            "created": "2012-08-31 05:41:04",
            "restrict_message": "",
            "modified": "2012-09-25 03:45:54",
            "site": 1,
            "owner": 1,
            "separator": ",;:*.\\\\s",
            "restrict_to": [],
            "active": true,
            "command_prefix": "+",
            "response": "The reports for your health facility are being processed.",
            "keyword_prefix": null,
            "description": "FHD Summary from Health Facility in-charge"
        }
    },
    {
        "pk": 72,
        "model": "rapidsms_xforms.xform",
        "fields": {
            "name": "FHD Summary (deprecated)",
            "keyword": "summary",
            "created": "2012-09-25 03:49:02",
            "restrict_message": "",
            "modified": "2012-09-25 03:49:02",
            "site": 1,
            "owner": 1,
            "separator": ",;:*.\\\\s",
            "restrict_to": [],
            "active": true,
            "command_prefix": "+",
            "response": "Use 'sum\" next time. The reports for your health facility are being processed.",
            "keyword_prefix": null,
            "description": "Summary Keyword sent by health facility incharge (deprecated in favour of sum)"
        }
    },
    {
        "pk": 70,
        "model": "rapidsms_xforms.xform",
        "fields": {
            "name": "FHD POW",
            "keyword": "pow",
            "created": "2012-08-31 05:38:33",
            "restrict_message": "",
            "modified": "2012-09-26 18:39:37",
            "site": 1,
            "owner": 1,
            "separator": ",;:*.",
            "restrict_to": [],
            "active": true,
            "command_prefix": "+",
            "response": "Your FHD POW has been set. Please send the data for this POW.",
            "keyword_prefix": null,
            "description": "FHD Place of Worship"
        }
    },
    {
        "pk": 416,
        "model": "rapidsms_xforms.xformfield",
        "fields": {
            "field_type": "text",
            "question": "",
            "command": "name",
            "order": 0,
            "xform": 70
        }
    },
    {
        "pk": 417,
        "model": "rapidsms_xforms.xformfield",
        "fields": {
            "field_type": "fuzzynum",
            "question": "",
            "command": "exp",
            "order": 0,
            "xform": 71
        }
    },
    {
        "pk": 420,
        "model": "rapidsms_xforms.xformfield",
        "fields": {
            "field_type": "fuzzynum",
            "question": "",
            "command": "exp",
            "order": 0,
            "xform": 72
        }
    },
    {
        "pk": 418,
        "model": "rapidsms_xforms.xformfield",
        "fields": {
            "field_type": "fuzzynum",
            "question": "",
            "command": "tot",
            "order": 1,
            "xform": 71
        }
    },
    {
        "pk": 421,
        "model": "rapidsms_xforms.xformfield",
        "fields": {
            "field_type": "fuzzynum",
            "question": "",
            "command": "tot",
            "order": 1,
            "xform": 72
        }
    },
    {
        "pk": 1,
        "model": "rapidsms_xforms.xformreport",
        "fields": {
            "frequency": "weekly",
            "name": "FHD",
            "constraints": "gAJdcQEoVRJmaGRfcG93X2NvbnN0cmFpbnRxAlUWZmhkX3N1bW1hcnlfY29uc3RyYWludHEDZS4="
        }
    },
    {
        "pk": 10,
        "model": "rapidsms_xforms.xformlist",
        "fields": {
            "report": 1,
            "priority": 0,
            "required": true,
            "xform": 70
        }
    },
    {
        "pk": 1,
        "model": "rapidsms_xforms.xformlist",
        "fields": {
            "report": 1,
            "priority": 1,
            "required": true,
            "xform": 61
        }
    },
    {
        "pk": 7,
        "model": "rapidsms_xforms.xformlist",
        "fields": {
            "report": 1,
            "priority": 2,
            "required": true,
            "xform": 62
        }
    },
    {
        "pk": 8,
        "model": "rapidsms_xforms.xformlist",
        "fields": {
            "report": 1,
            "priority": 3,
            "required": true,
            "xform": 63
        }
    },
    {
        "pk": 9,
        "model": "rapidsms_xforms.xformlist",
        "fields": {
            "report": 1,
            "priority": 4,
            "required": true,
            "xform": 64
        }
    },
    {
        "pk": 2,
        "model": "rapidsms_xforms.xformlist",
        "fields": {
            "report": 1,
            "priority": 5,
            "required": true,
            "xform": 65
        }
    },
    {
        "pk": 3,
        "model": "rapidsms_xforms.xformlist",
        "fields": {
            "report": 1,
            "priority": 6,
            "required": true,
            "xform": 66
        }
    },
    {
        "pk": 4,
        "model": "rapidsms_xforms.xformlist",
        "fields": {
            "report": 1,
            "priority": 7,
            "required": true,
            "xform": 67
        }
    },
    {
        "pk": 5,
        "model": "rapidsms_xforms.xformlist",
        "fields": {
            "report": 1,
            "priority": 8,
            "required": true,
            "xform": 68
        }
    },
    {
        "pk": 6,
        "model": "rapidsms_xforms.xformlist",
        "fields": {
            "report": 1,
            "priority": 9,
            "required": true,
            "xform": 69
        }
    }
]
