[
    {
        "pk": 8, 
        "model": "eav.attribute", 
        "fields": {
            "description": "Number of female children between 12-59 months", 
            "created": "2012-05-21 16:30:26", 
            "datatype": "int", 
            "enum_group": null, 
            "required": false, 
            "site": 6, 
            "modified": "2012-05-21 16:30:26", 
            "type": null, 
            "slug": "deworming_female", 
            "name": "Female"
        }
    }, 
    {
        "pk": 2, 
        "model": "eav.attribute", 
        "fields": {
            "description": "Number of Female Children <1 year", 
            "created": "2012-05-21 16:19:16", 
            "datatype": "int", 
            "enum_group": null, 
            "required": false, 
            "site": 6, 
            "modified": "2012-05-21 16:19:44", 
            "type": null, 
            "slug": "dpt3_female", 
            "name": "Female"
        }
    }, 
    {
        "pk": 10, 
        "model": "eav.attribute", 
        "fields": {
            "description": "Number of female children 6-59 months", 
            "created": "2012-05-21 16:33:03", 
            "datatype": "int", 
            "enum_group": null, 
            "required": false, 
            "site": 6, 
            "modified": "2012-05-21 16:33:03", 
            "type": null, 
            "slug": "muac_female", 
            "name": "Female"
        }
    }, 
    {
        "pk": 16, 
        "model": "eav.attribute", 
        "fields": {
            "description": "Number of female children <5 years", 
            "created": "2012-05-21 16:43:03", 
            "datatype": "int", 
            "enum_group": null, 
            "required": false, 
            "site": 6, 
            "modified": "2012-05-21 16:43:03", 
            "type": null, 
            "slug": "birthreg_female", 
            "name": "Female"
        }
    }, 
    {
        "pk": 14, 
        "model": "eav.attribute", 
        "fields": {
            "description": "Number of female children <1 year", 
            "created": "2012-05-21 16:40:03", 
            "datatype": "int", 
            "enum_group": null, 
            "required": false, 
            "site": 6, 
            "modified": "2012-05-21 16:40:03", 
            "type": null, 
            "slug": "eid_female", 
            "name": "Female"
        }
    }, 
    {
        "pk": 6, 
        "model": "eav.attribute", 
        "fields": {
            "description": "Number of female children 6-59 months", 
            "created": "2012-05-21 16:27:33", 
            "datatype": "int", 
            "enum_group": null, 
            "required": false, 
            "site": 6, 
            "modified": "2012-05-21 16:27:33", 
            "type": null, 
            "slug": "vitaminA_female", 
            "name": "Female"
        }
    }, 
    {
        "pk": 4, 
        "model": "eav.attribute", 
        "fields": {
            "description": "Number of female children <1 year", 
            "created": "2012-05-21 16:24:32", 
            "datatype": "int", 
            "enum_group": null, 
            "required": false, 
            "site": 6, 
            "modified": "2012-05-21 16:24:32", 
            "type": null, 
            "slug": "measles_female", 
            "name": "Female"
        }
    }, 
    {
        "pk": 9, 
        "model": "eav.attribute", 
        "fields": {
            "description": "Number of male children 6-59 months", 
            "created": "2012-05-21 16:32:38", 
            "datatype": "int", 
            "enum_group": null, 
            "required": false, 
            "site": 6, 
            "modified": "2012-05-21 16:32:38", 
            "type": null, 
            "slug": "muac_male", 
            "name": "Male"
        }
    }, 
    {
        "pk": 3, 
        "model": "eav.attribute", 
        "fields": {
            "description": "Number of male children <1 year", 
            "created": "2012-05-21 16:23:56", 
            "datatype": "int", 
            "enum_group": null, 
            "required": false, 
            "site": 6, 
            "modified": "2012-05-21 16:23:56", 
            "type": null, 
            "slug": "measles_male", 
            "name": "Male"
        }
    }, 
    {
        "pk": 5, 
        "model": "eav.attribute", 
        "fields": {
            "description": "Number of male children 6-59 months", 
            "created": "2012-05-21 16:26:42", 
            "datatype": "int", 
            "enum_group": null, 
            "required": false, 
            "site": 6, 
            "modified": "2012-05-21 16:27:03", 
            "type": null, 
            "slug": "vitaminA_male", 
            "name": "Male"
        }
    }, 
    {
        "pk": 7, 
        "model": "eav.attribute", 
        "fields": {
            "description": "Number of male children between 12-59 months", 
            "created": "2012-05-21 16:30:00", 
            "datatype": "int", 
            "enum_group": null, 
            "required": false, 
            "site": 6, 
            "modified": "2012-05-21 16:30:00", 
            "type": null, 
            "slug": "deworming_male", 
            "name": "Male"
        }
    }, 
    {
        "pk": 1, 
        "model": "eav.attribute", 
        "fields": {
            "description": "Number of Male Children <1 year", 
            "created": "2012-05-21 16:18:30", 
            "datatype": "int", 
            "enum_group": null, 
            "required": false, 
            "site": 6, 
            "modified": "2012-05-21 16:19:33", 
            "type": null, 
            "slug": "dpt3_male", 
            "name": "Male"
        }
    }, 
    {
        "pk": 13, 
        "model": "eav.attribute", 
        "fields": {
            "description": "Number of male children < 1year", 
            "created": "2012-05-21 16:39:39", 
            "datatype": "int", 
            "enum_group": null, 
            "required": false, 
            "site": 6, 
            "modified": "2012-05-21 16:40:14", 
            "type": null, 
            "slug": "eid_male", 
            "name": "Male"
        }
    }, 
    {
        "pk": 15, 
        "model": "eav.attribute", 
        "fields": {
            "description": "Number of male children <5 years", 
            "created": "2012-05-21 16:42:37", 
            "datatype": "int", 
            "enum_group": null, 
            "required": false, 
            "site": 6, 
            "modified": "2012-05-21 16:42:37", 
            "type": null, 
            "slug": "birthreg_male", 
            "name": "Male"
        }
    }, 
    {
        "pk": 12, 
        "model": "eav.attribute", 
        "fields": {
            "description": "Number of pregnant women", 
            "created": "2012-05-21 16:38:02", 
            "datatype": "int", 
            "enum_group": null, 
            "required": false, 
            "site": 6, 
            "modified": "2012-05-21 16:38:02", 
            "type": null, 
            "slug": "anc4_number", 
            "name": "Number"
        }
    }, 
    {
        "pk": 11, 
        "model": "eav.attribute", 
        "fields": {
            "description": "Number of pregnant women", 
            "created": "2012-05-21 16:36:40", 
            "datatype": "int", 
            "enum_group": null, 
            "required": false, 
            "site": 6, 
            "modified": "2012-05-21 16:36:40", 
            "type": null, 
            "slug": "tetanus2_number", 
            "name": "Number"
        }
    },
    {
        "pk": 5, 
        "model": "rapidsms_xforms.xform", 
        "fields": {
            "name": "MUAC", 
            "keyword": "muac", 
            "created": "2012-05-21 16:31:59", 
            "restrict_message": "", 
            "modified": "2012-05-21 16:31:59", 
            "site": 6, 
            "owner": 1, 
            "separator": ",;:*.\\s\"", 
            "restrict_to": [], 
            "active": true, 
            "command_prefix": "+", 
            "response": "Thank you for your submission", 
            "keyword_prefix": null, 
            "description": "Number of children between 6-59 months with MUAC in red zone"
        }
    }, 
    {
        "pk": 6, 
        "model": "rapidsms_xforms.xform", 
        "fields": {
            "name": "Tetanus2+", 
            "keyword": "tetanus2", 
            "created": "2012-05-21 16:35:27", 
            "restrict_message": "", 
            "modified": "2012-05-21 16:35:27", 
            "site": 6, 
            "owner": 1, 
            "separator": ",;:*.\\s\"", 
            "restrict_to": [], 
            "active": true, 
            "command_prefix": "+", 
            "response": "Thank you for your submission", 
            "keyword_prefix": null, 
            "description": "Number of pregnant women given 2 or more doses of Tetanus vaccine (dose 2+3+4+5)"
        }
    }, 
    {
        "pk": 7, 
        "model": "rapidsms_xforms.xform", 
        "fields": {
            "name": "ANC4+", 
            "keyword": "anc4", 
            "created": "2012-05-21 16:37:44", 
            "restrict_message": "", 
            "modified": "2012-05-21 16:37:44", 
            "site": 6, 
            "owner": 1, 
            "separator": ",;:*.\\s\"", 
            "restrict_to": [], 
            "active": true, 
            "command_prefix": "+", 
            "response": "Thank you for your submission", 
            "keyword_prefix": null, 
            "description": "Number of pregnant women who have attended 4 or ore ANC visits"
        }
    }, 
    {
        "pk": 8, 
        "model": "rapidsms_xforms.xform", 
        "fields": {
            "name": "EID", 
            "keyword": "eid", 
            "created": "2012-05-21 16:38:56", 
            "restrict_message": "", 
            "modified": "2012-05-21 16:38:56", 
            "site": 6, 
            "owner": 1, 
            "separator": ",;:*.\\s\"", 
            "restrict_to": [], 
            "active": true, 
            "command_prefix": "+", 
            "response": "Thank you for your submission", 
            "keyword_prefix": null, 
            "description": "Number of HIV exposed children under 1 year tested for HIV"
        }
    }, 
    {
        "pk": 9, 
        "model": "rapidsms_xforms.xform", 
        "fields": {
            "name": "Birth Registration", 
            "keyword": "birthreg", 
            "created": "2012-05-21 16:41:28", 
            "restrict_message": "", 
            "modified": "2012-05-21 16:41:28", 
            "site": 6, 
            "owner": 1, 
            "separator": ",;:*.\\s\"", 
            "restrict_to": [], 
            "active": true, 
            "command_prefix": "+", 
            "response": "Thank you for your submission", 
            "keyword_prefix": null, 
            "description": "Number of children under 5 years registered"
        }
    }, 
    {
        "pk": 1, 
        "model": "rapidsms_xforms.xform", 
        "fields": {
            "name": "DPT3", 
            "keyword": "dpt3", 
            "created": "2012-05-21 16:17:28", 
            "restrict_message": "", 
            "modified": "2012-05-21 16:17:28", 
            "site": 6, 
            "owner": 1, 
            "separator": ",;:*.\\s\"", 
            "restrict_to": [], 
            "active": true, 
            "command_prefix": "+", 
            "response": "Thank you for submitting DPT3 data", 
            "keyword_prefix": null, 
            "description": "Number of children <1 year that received DPT Hep+Hib 3 vaccine"
        }
    }, 
    {
        "pk": 2, 
        "model": "rapidsms_xforms.xform", 
        "fields": {
            "name": "Measles", 
            "keyword": "measles", 
            "created": "2012-05-21 16:23:15", 
            "restrict_message": "", 
            "modified": "2012-05-21 16:23:15", 
            "site": 6, 
            "owner": 1, 
            "separator": ",;:*.\\s\"", 
            "restrict_to": [], 
            "active": true, 
            "command_prefix": "+", 
            "response": "Thank you for your submission", 
            "keyword_prefix": null, 
            "description": "Number of Children <1 year that received measles vaccine"
        }
    }, 
    {
        "pk": 3, 
        "model": "rapidsms_xforms.xform", 
        "fields": {
            "name": "Vitamin A", 
            "keyword": "vitaminA", 
            "created": "2012-05-21 16:26:16", 
            "restrict_message": "", 
            "modified": "2012-05-21 16:26:16", 
            "site": 6, 
            "owner": 1, 
            "separator": ",;:*.\\s\"", 
            "restrict_to": [], 
            "active": true, 
            "command_prefix": "+", 
            "response": "Thank you for your submission", 
            "keyword_prefix": null, 
            "description": "Number of children between 6-59 months who received a dose of Vitamin A"
        }
    }, 
    {
        "pk": 4, 
        "model": "rapidsms_xforms.xform", 
        "fields": {
            "name": "Deworming", 
            "keyword": "deworming", 
            "created": "2012-05-21 16:29:26", 
            "restrict_message": "", 
            "modified": "2012-05-21 16:29:26", 
            "site": 6, 
            "owner": 1, 
            "separator": ",;:*.\\s\"", 
            "restrict_to": [], 
            "active": true, 
            "command_prefix": "+", 
            "response": "Thank you for your submission", 
            "keyword_prefix": null, 
            "description": "Number of children 12-59 months who received de-worming"
        }
    }, 
    {
        "pk": 1, 
        "model": "rapidsms_xforms.xformfield", 
        "fields": {
            "field_type": "int", 
            "question": null, 
            "command": "male", 
            "order": 0, 
            "xform": 1
        }
    }, 
    {
        "pk": 3, 
        "model": "rapidsms_xforms.xformfield", 
        "fields": {
            "field_type": "int", 
            "question": null, 
            "command": "male", 
            "order": 0, 
            "xform": 2
        }
    }, 
    {
        "pk": 5, 
        "model": "rapidsms_xforms.xformfield", 
        "fields": {
            "field_type": "int", 
            "question": null, 
            "command": "male", 
            "order": 0, 
            "xform": 3
        }
    }, 
    {
        "pk": 7, 
        "model": "rapidsms_xforms.xformfield", 
        "fields": {
            "field_type": "int", 
            "question": null, 
            "command": "male", 
            "order": 0, 
            "xform": 4
        }
    }, 
    {
        "pk": 9, 
        "model": "rapidsms_xforms.xformfield", 
        "fields": {
            "field_type": "int", 
            "question": null, 
            "command": "male", 
            "order": 0, 
            "xform": 5
        }
    }, 
    {
        "pk": 11, 
        "model": "rapidsms_xforms.xformfield", 
        "fields": {
            "field_type": "int", 
            "question": null, 
            "command": "number", 
            "order": 0, 
            "xform": 6
        }
    }, 
    {
        "pk": 12, 
        "model": "rapidsms_xforms.xformfield", 
        "fields": {
            "field_type": "int", 
            "question": null, 
            "command": "number", 
            "order": 0, 
            "xform": 7
        }
    }, 
    {
        "pk": 13, 
        "model": "rapidsms_xforms.xformfield", 
        "fields": {
            "field_type": "int", 
            "question": null, 
            "command": "male", 
            "order": 0, 
            "xform": 8
        }
    }, 
    {
        "pk": 15, 
        "model": "rapidsms_xforms.xformfield", 
        "fields": {
            "field_type": "int", 
            "question": null, 
            "command": "male", 
            "order": 0, 
            "xform": 9
        }
    }, 
    {
        "pk": 2, 
        "model": "rapidsms_xforms.xformfield", 
        "fields": {
            "field_type": "int", 
            "question": null, 
            "command": "female", 
            "order": 1, 
            "xform": 1
        }
    }, 
    {
        "pk": 4, 
        "model": "rapidsms_xforms.xformfield", 
        "fields": {
            "field_type": "int", 
            "question": null, 
            "command": "female", 
            "order": 1, 
            "xform": 2
        }
    }, 
    {
        "pk": 6, 
        "model": "rapidsms_xforms.xformfield", 
        "fields": {
            "field_type": "int", 
            "question": null, 
            "command": "female", 
            "order": 1, 
            "xform": 3
        }
    }, 
    {
        "pk": 8, 
        "model": "rapidsms_xforms.xformfield", 
        "fields": {
            "field_type": "int", 
            "question": null, 
            "command": "female", 
            "order": 1, 
            "xform": 4
        }
    }, 
    {
        "pk": 10, 
        "model": "rapidsms_xforms.xformfield", 
        "fields": {
            "field_type": "int", 
            "question": null, 
            "command": "female", 
            "order": 1, 
            "xform": 5
        }
    }, 
    {
        "pk": 14, 
        "model": "rapidsms_xforms.xformfield", 
        "fields": {
            "field_type": "int", 
            "question": null, 
            "command": "female", 
            "order": 1, 
            "xform": 8
        }
    }, 
    {
        "pk": 16, 
        "model": "rapidsms_xforms.xformfield", 
        "fields": {
            "field_type": "int", 
            "question": null, 
            "command": "female", 
            "order": 1, 
            "xform": 9
        }
    },
    {
        "pk": 1, 
        "model": "rapidsms_xforms.xformfield", 
        "fields": {
            "field_type": "int", 
            "question": null, 
            "command": "male", 
            "order": 0, 
            "xform": 1
        }
    }, 
    {
        "pk": 3, 
        "model": "rapidsms_xforms.xformfield", 
        "fields": {
            "field_type": "int", 
            "question": null, 
            "command": "male", 
            "order": 0, 
            "xform": 2
        }
    }, 
    {
        "pk": 5, 
        "model": "rapidsms_xforms.xformfield", 
        "fields": {
            "field_type": "int", 
            "question": null, 
            "command": "male", 
            "order": 0, 
            "xform": 3
        }
    }, 
    {
        "pk": 7, 
        "model": "rapidsms_xforms.xformfield", 
        "fields": {
            "field_type": "int", 
            "question": null, 
            "command": "male", 
            "order": 0, 
            "xform": 4
        }
    }, 
    {
        "pk": 9, 
        "model": "rapidsms_xforms.xformfield", 
        "fields": {
            "field_type": "int", 
            "question": null, 
            "command": "male", 
            "order": 0, 
            "xform": 5
        }
    }, 
    {
        "pk": 11, 
        "model": "rapidsms_xforms.xformfield", 
        "fields": {
            "field_type": "int", 
            "question": null, 
            "command": "number", 
            "order": 0, 
            "xform": 6
        }
    }, 
    {
        "pk": 12, 
        "model": "rapidsms_xforms.xformfield", 
        "fields": {
            "field_type": "int", 
            "question": null, 
            "command": "number", 
            "order": 0, 
            "xform": 7
        }
    }, 
    {
        "pk": 13, 
        "model": "rapidsms_xforms.xformfield", 
        "fields": {
            "field_type": "int", 
            "question": null, 
            "command": "male", 
            "order": 0, 
            "xform": 8
        }
    }, 
    {
        "pk": 15, 
        "model": "rapidsms_xforms.xformfield", 
        "fields": {
            "field_type": "int", 
            "question": null, 
            "command": "male", 
            "order": 0, 
            "xform": 9
        }
    }, 
    {
        "pk": 2, 
        "model": "rapidsms_xforms.xformfield", 
        "fields": {
            "field_type": "int", 
            "question": null, 
            "command": "female", 
            "order": 1, 
            "xform": 1
        }
    }, 
    {
        "pk": 4, 
        "model": "rapidsms_xforms.xformfield", 
        "fields": {
            "field_type": "int", 
            "question": null, 
            "command": "female", 
            "order": 1, 
            "xform": 2
        }
    }, 
    {
        "pk": 6, 
        "model": "rapidsms_xforms.xformfield", 
        "fields": {
            "field_type": "int", 
            "question": null, 
            "command": "female", 
            "order": 1, 
            "xform": 3
        }
    }, 
    {
        "pk": 8, 
        "model": "rapidsms_xforms.xformfield", 
        "fields": {
            "field_type": "int", 
            "question": null, 
            "command": "female", 
            "order": 1, 
            "xform": 4
        }
    }, 
    {
        "pk": 10, 
        "model": "rapidsms_xforms.xformfield", 
        "fields": {
            "field_type": "int", 
            "question": null, 
            "command": "female", 
            "order": 1, 
            "xform": 5
        }
    }, 
    {
        "pk": 14, 
        "model": "rapidsms_xforms.xformfield", 
        "fields": {
            "field_type": "int", 
            "question": null, 
            "command": "female", 
            "order": 1, 
            "xform": 8
        }
    }, 
    {
        "pk": 16, 
        "model": "rapidsms_xforms.xformfield", 
        "fields": {
            "field_type": "int", 
            "question": null, 
            "command": "female", 
            "order": 1, 
            "xform": 9
        }
    }
]