[
    {
        "fields": {
            "description": "Number of pregnant mothers and their spouses accompanying them that receive Blood sugar & Blood pressure check",
            "keyword": "bpbs",
            "created": "2013-07-03 10:51:09",
            "restrict_message": "You must be a VHT, FHD user to send this report",
            "modified": "2013-07-03 10:51:09",
            "site": 1,
            "owner": 1,
            "separator": ",;:*.\\s\"",
            "restrict_to": [],
            "active": true,
            "command_prefix": "+",
            "response": "Thank you for your report!",
            "keyword_prefix": null,
            "name": "Blood pressure & sugar FHD Form"
        },
        "model": "rapidsms_xforms.xform",
        "pk": 82
    },
    {
        "fields": {
            "description": "Number of chldren under 5 years registered",
            "keyword": "breg",
            "created": "2012-06-14 12:43:41",
            "restrict_message": "",
            "modified": "2012-06-14 12:43:41",
            "site": 1,
            "owner": 1,
            "separator": ",;:*.\\\\s",
            "restrict_to": [],
            "active": true,
            "command_prefix": "+",
            "response": "Thank you for your submission",
            "keyword_prefix": null,
            "name": "Birth Registration"
        },
        "model": "rapidsms_xforms.xform",
        "pk": 69
    },
    {
        "fields": {
            "description": "No. of HIV exposed children under 1year &Pregnant Women tested for HIV ",
            "keyword": "heid",
            "created": "2013-07-03 10:46:42",
            "restrict_message": "You must be a VHT, FHD user to send this report",
            "modified": "2013-07-03 10:46:42",
            "site": 1,
            "owner": 1,
            "separator": ",;:*.\\s\"",
            "restrict_to": [],
            "active": true,
            "command_prefix": "+",
            "response": "Thank you for your report!",
            "keyword_prefix": null,
            "name": "EID & HIV FHD Test Form"
        },
        "model": "rapidsms_xforms.xform",
        "pk": 81
    },
    {
        "fields": {
            "description": "Number of pregnant women who have attended ANC visits.",
            "keyword": "ancp",
            "created": "2013-07-03 10:35:10",
            "restrict_message": "You must be a VHT, FHD user to send this report",
            "modified": "2013-07-03 10:35:10",
            "site": 1,
            "owner": 1,
            "separator": ",;:*.\\s\"",
            "restrict_to": [],
            "active": true,
            "command_prefix": "+",
            "response": "Thank you for your report!",
            "keyword_prefix": null,
            "name": "ANC FHD Form (individual visits)"
        },
        "model": "rapidsms_xforms.xform",
        "pk": 80
    },
    {
        "fields": {
            "description": "Tetanus   \u2013 Number of NON-pregnant women given doses of Tetanus vaccine (dose 1+2+3+4+5)",
            "keyword": "npet",
            "created": "2013-07-03 10:29:55",
            "restrict_message": "You must be a VHT, FHD user to send this report",
            "modified": "2013-07-03 10:29:55",
            "site": 1,
            "owner": 1,
            "separator": ",;:*.\\s\"",
            "restrict_to": [],
            "active": true,
            "command_prefix": "+",
            "response": "Thank you for your report!",
            "keyword_prefix": null,
            "name": "Tetanus NONE pregnant women FHD"
        },
        "model": "rapidsms_xforms.xform",
        "pk": 79
    },
    {
        "fields": {
            "description": "Number of pregnant women given doses of Tetanus vaccine (dose 1+2+3+4+5)",
            "keyword": "tetn",
            "created": "2013-07-03 10:24:48",
            "restrict_message": "You must be a VHT, FHD user to send this report",
            "modified": "2013-07-03 10:24:48",
            "site": 1,
            "owner": 1,
            "separator": ",;:*.\\s\"",
            "restrict_to": [],
            "active": true,
            "command_prefix": "+",
            "response": "Thank you for your report!",
            "keyword_prefix": null,
            "name": "Tetanus pregnant women FHD Form"
        },
        "model": "rapidsms_xforms.xform",
        "pk": 78
    },
    {
        "fields": {
            "description": "Red Yellow and Green MUAC",
            "keyword": "ryg",
            "created": "2013-03-20 18:06:41",
            "restrict_message": "You must be a VHT, FHD user to send this report",
            "modified": "2013-03-20 18:06:41",
            "site": 1,
            "owner": 1,
            "separator": ",;:*.\\s\"",
            "restrict_to": [],
            "active": true,
            "command_prefix": "+",
            "response": "Thank you for your report!",
            "keyword_prefix": null,
            "name": "MUAC FHD Form"
        },
        "model": "rapidsms_xforms.xform",
        "pk": 76
    },
    {
        "fields": {
            "description": "Number of children 12months to 14 years who received de-worming",
            "keyword": "dorm",
            "created": "2013-07-03 11:49:18",
            "restrict_message": "You must be a VHT, FHD user to send this report",
            "modified": "2013-07-03 11:49:18",
            "site": 1,
            "owner": 1,
            "separator": ",;:*.\\s\"",
            "restrict_to": [],
            "active": true,
            "command_prefix": "+",
            "response": "Thank you for your report!",
            "keyword_prefix": null,
            "name": "Deworm FHD Report (segmented)"
        },
        "model": "rapidsms_xforms.xform",
        "pk": 83
    },
    {
        "fields": {
            "description": "Number of children 6-59 months who received a dose of Vitamin A",
            "keyword": "vita",
            "created": "2012-06-14 12:30:55",
            "restrict_message": "",
            "modified": "2012-06-14 12:30:55",
            "site": 1,
            "owner": 1,
            "separator": ",;:*.\\\\s",
            "restrict_to": [],
            "active": true,
            "command_prefix": "+",
            "response": "Thank you for your submission",
            "keyword_prefix": null,
            "name": "Vitamin A"
        },
        "model": "rapidsms_xforms.xform",
        "pk": 63
    },
    {
        "fields": {
            "description": "Total Number of Children Under 1 Year that received the Pneumonia Vaccine",
            "keyword": "pcv",
            "created": "2013-07-03 09:32:56",
            "restrict_message": "You must be a VHT, FHD user to send this report",
            "modified": "2013-07-03 09:37:51",
            "site": 1,
            "owner": 1,
            "separator": ",;:*.\\s\"",
            "restrict_to": [],
            "active": true,
            "command_prefix": "+",
            "response": "Thank you for your report!",
            "keyword_prefix": null,
            "name": "Pneumonia FHD Form"
        },
        "model": "rapidsms_xforms.xform",
        "pk": 77
    },
    {
        "fields": {
            "description": "Number of children <1 year that received measles vaccine",
            "keyword": "vacm",
            "created": "2012-06-14 12:28:58",
            "restrict_message": "",
            "modified": "2012-06-14 12:28:58",
            "site": 1,
            "owner": 1,
            "separator": ",;:*.\\\\s",
            "restrict_to": [],
            "active": true,
            "command_prefix": "+",
            "response": "Thank you for your submission",
            "keyword_prefix": null,
            "name": "Measles"
        },
        "model": "rapidsms_xforms.xform",
        "pk": 62
    },
    {
        "fields": {
            "description": "Number of children < 1 year that received DPT Hep+Hib 3 vaccine",
            "keyword": "dpt",
            "created": "2012-06-14 12:26:35",
            "restrict_message": "",
            "modified": "2012-06-14 12:26:35",
            "site": 1,
            "owner": 1,
            "separator": ",;:*.\\\\s",
            "restrict_to": [],
            "active": true,
            "command_prefix": "+",
            "response": "Thank you for your response",
            "keyword_prefix": null,
            "name": "DPT3"
        },
        "model": "rapidsms_xforms.xform",
        "pk": 61
    },
    {
        "fields": {
            "description": "FHD Place of Worship",
            "keyword": "pow",
            "created": "2012-08-31 05:38:33",
            "restrict_message": "",
            "modified": "2012-09-26 18:39:37",
            "site": 1,
            "owner": 1,
            "separator": ",;:*.",
            "restrict_to": [],
            "active": true,
            "command_prefix": "+",
            "response": "Your FHD POW has been set. Please send the data for this POW.",
            "keyword_prefix": null,
            "name": "FHD POW"
        },
        "model": "rapidsms_xforms.xform",
        "pk": 70
    },
    {
        "fields": {
            "description": "Summary Keyword sent by health facility incharge (deprecated in favour of sum)",
            "keyword": "summary",
            "created": "2012-09-25 03:49:02",
            "restrict_message": "",
            "modified": "2012-09-25 03:49:02",
            "site": 1,
            "owner": 1,
            "separator": ",;:*.\\\\s",
            "restrict_to": [],
            "active": true,
            "command_prefix": "+",
            "response": "Use 'sum\" next time. The reports for your health facility are being processed.",
            "keyword_prefix": null,
            "name": "FHD Summary (deprecated)"
        },
        "model": "rapidsms_xforms.xform",
        "pk": 72
    },
    {
        "fields": {
            "description": "FHD Summary from Health Facility in-charge",
            "keyword": "sum",
            "created": "2012-08-31 05:41:04",
            "restrict_message": "",
            "modified": "2012-09-25 03:45:54",
            "site": 1,
            "owner": 1,
            "separator": ",;:*.\\\\s",
            "restrict_to": [],
            "active": true,
            "command_prefix": "+",
            "response": "The reports for your health facility are being processed.",
            "keyword_prefix": null,
            "name": "FHD Summary"
        },
        "model": "rapidsms_xforms.xform",
        "pk": 71
    },
    {
        "fields": {
            "description": "Number of HIV exposed children under 1 year tested for HIV",
            "keyword": "eid",
            "created": "2012-06-14 12:41:52",
            "restrict_message": "",
            "modified": "2012-06-14 12:41:52",
            "site": 1,
            "owner": 1,
            "separator": ",;:*.\\\\s",
            "restrict_to": [],
            "active": true,
            "command_prefix": "+",
            "response": "Thank you for your response",
            "keyword_prefix": null,
            "name": "EID"
        },
        "model": "rapidsms_xforms.xform",
        "pk": 68
    },
    {
        "fields": {
            "description": "Number of pregnant women who have attended 4 or more ANC visits",
            "keyword": "anc",
            "created": "2012-06-14 12:40:41",
            "restrict_message": "",
            "modified": "2012-06-14 12:40:41",
            "site": 1,
            "owner": 1,
            "separator": ",;:*.\\\\s",
            "restrict_to": [],
            "active": true,
            "command_prefix": "+",
            "response": "Thank you for your response",
            "keyword_prefix": null,
            "name": "ANC4+"
        },
        "model": "rapidsms_xforms.xform",
        "pk": 67
    },
    {
        "fields": {
            "description": "Number of pregnant women given 2 or more doses of Tetanus vaccine (dose 2+3+4+5)",
            "keyword": "tet",
            "created": "2012-06-14 12:38:21",
            "restrict_message": "",
            "modified": "2012-06-14 12:38:21",
            "site": 1,
            "owner": 1,
            "separator": ",;:*.\\\\s",
            "restrict_to": [],
            "active": true,
            "command_prefix": "+",
            "response": "Thank you for your response",
            "keyword_prefix": null,
            "name": "Tetanus 2+"
        },
        "model": "rapidsms_xforms.xform",
        "pk": 66
    },
    {
        "fields": {
            "description": "Number of children 6-11 months with MUAC in red zone",
            "keyword": "redm",
            "created": "2012-06-14 12:36:30",
            "restrict_message": "",
            "modified": "2012-06-14 12:36:30",
            "site": 1,
            "owner": 1,
            "separator": ",;:*.\\\\s",
            "restrict_to": [],
            "active": true,
            "command_prefix": "+",
            "response": "Thank you for your submission",
            "keyword_prefix": null,
            "name": "Red MUAC"
        },
        "model": "rapidsms_xforms.xform",
        "pk": 65
    },
    {
        "fields": {
            "description": "Number of children 12-59 months years who received de-worming",
            "keyword": "worm",
            "created": "2012-06-14 12:34:06",
            "restrict_message": "",
            "modified": "2012-06-14 12:34:06",
            "site": 1,
            "owner": 1,
            "separator": ",;:*.\\\\s",
            "restrict_to": [],
            "active": true,
            "command_prefix": "+",
            "response": "Thank you for your submission",
            "keyword_prefix": null,
            "name": "Deworming"
        },
        "model": "rapidsms_xforms.xform",
        "pk": 64
    },
    {
        "fields": {
            "frequency": "weekly",
            "name": "FHD",
            "constraints": "gAJdcQFVEmZoZF9wb3dfY29uc3RyYWludHECYS4="
        },
        "model": "rapidsms_xforms.xformreport",
        "pk": 1
    },
    {
        "fields": {
            "priority": 12,
            "report": 1,
            "required": true,
            "xform": 82
        },
        "model": "rapidsms_xforms.xformlist",
        "pk": 18
    },
    {
        "fields": {
            "priority": 11,
            "report": 1,
            "required": true,
            "xform": 69
        },
        "model": "rapidsms_xforms.xformlist",
        "pk": 6
    },
    {
        "fields": {
            "priority": 10,
            "report": 1,
            "required": true,
            "xform": 81
        },
        "model": "rapidsms_xforms.xformlist",
        "pk": 17
    },
    {
        "fields": {
            "priority": 9,
            "report": 1,
            "required": true,
            "xform": 80
        },
        "model": "rapidsms_xforms.xformlist",
        "pk": 16
    },
    {
        "fields": {
            "priority": 8,
            "report": 1,
            "required": true,
            "xform": 79
        },
        "model": "rapidsms_xforms.xformlist",
        "pk": 15
    },
    {
        "fields": {
            "priority": 7,
            "report": 1,
            "required": true,
            "xform": 78
        },
        "model": "rapidsms_xforms.xformlist",
        "pk": 14
    },
    {
        "fields": {
            "priority": 6,
            "report": 1,
            "required": true,
            "xform": 76
        },
        "model": "rapidsms_xforms.xformlist",
        "pk": 12
    },
    {
        "fields": {
            "priority": 5,
            "report": 1,
            "required": true,
            "xform": 83
        },
        "model": "rapidsms_xforms.xformlist",
        "pk": 19
    },
    {
        "fields": {
            "priority": 4,
            "report": 1,
            "required": true,
            "xform": 63
        },
        "model": "rapidsms_xforms.xformlist",
        "pk": 8
    },
    {
        "fields": {
            "priority": 3,
            "report": 1,
            "required": true,
            "xform": 77
        },
        "model": "rapidsms_xforms.xformlist",
        "pk": 13
    },
    {
        "fields": {
            "priority": 2,
            "report": 1,
            "required": true,
            "xform": 62
        },
        "model": "rapidsms_xforms.xformlist",
        "pk": 7
    },
    {
        "fields": {
            "priority": 1,
            "report": 1,
            "required": true,
            "xform": 61
        },
        "model": "rapidsms_xforms.xformlist",
        "pk": 1
    },
    {
        "fields": {
            "priority": 0,
            "report": 1,
            "required": true,
            "xform": 70
        },
        "model": "rapidsms_xforms.xformlist",
        "pk": 10
    },
    {
        "fields": {
            "name": "PCV3 (F)",
            "created": "2013-07-03 09:35:42",
            "datatype": "int",
            "enum_group": null,
            "required": false,
            "modified": "2013-07-03 09:35:42",
            "site": 1,
            "type": null,
            "slug": "pcv_pcv3_f",
            "description": "PCV3 (F)"
        },
        "model": "eav.attribute",
        "pk": 443
    },
    {
        "fields": {
            "name": "Green MUAC (F)",
            "created": "2013-07-03 09:02:41",
            "datatype": "int",
            "enum_group": null,
            "required": false,
            "modified": "2013-07-04 23:34:37",
            "site": 1,
            "type": null,
            "slug": "ryg_green_female",
            "description": "Female Children (6 - 59 months) with MUAC in Green Zone"
        },
        "model": "eav.attribute",
        "pk": 437
    },
    {
        "fields": {
            "name": "NPET Dose 5",
            "created": "2013-07-03 10:32:07",
            "datatype": "int",
            "enum_group": null,
            "required": false,
            "modified": "2013-07-03 16:21:51",
            "site": 1,
            "type": null,
            "slug": "npet_dose5",
            "description": "# Dose 5"
        },
        "model": "eav.attribute",
        "pk": 453
    },
    {
        "fields": {
            "name": "TETN Dose 5",
            "created": "2013-07-03 10:26:54",
            "datatype": "int",
            "enum_group": null,
            "required": false,
            "modified": "2013-07-04 23:35:42",
            "site": 1,
            "type": null,
            "slug": "tetn_dose5",
            "description": "# of Dose 5"
        },
        "model": "eav.attribute",
        "pk": 448
    },
    {
        "fields": {
            "name": "PCV3 (M)",
            "created": "2013-07-03 09:35:24",
            "datatype": "int",
            "enum_group": null,
            "required": false,
            "modified": "2013-07-03 09:35:24",
            "site": 1,
            "type": null,
            "slug": "pcv_pcv3_m",
            "description": "PCV3 (M)"
        },
        "model": "eav.attribute",
        "pk": 442
    },
    {
        "fields": {
            "name": "Green MUAC (M)",
            "created": "2013-03-20 18:09:05",
            "datatype": "int",
            "enum_group": null,
            "required": false,
            "modified": "2013-07-04 23:34:36",
            "site": 1,
            "type": null,
            "slug": "ryg_green_male",
            "description": "Male Children (6 - 59 months) with MUAC in Green Zone"
        },
        "model": "eav.attribute",
        "pk": 431
    },
    {
        "fields": {
            "name": "Dorm (F) (5-14y)",
            "created": "2013-07-03 11:52:26",
            "datatype": "int",
            "enum_group": null,
            "required": false,
            "modified": "2013-07-03 16:19:01",
            "site": 1,
            "type": null,
            "slug": "dorm_female_5to14",
            "description": "# Female (5-14 years)"
        },
        "model": "eav.attribute",
        "pk": 469
    },
    {
        "fields": {
            "name": "Blood sugar (F)",
            "created": "2013-07-03 10:53:36",
            "datatype": "int",
            "enum_group": null,
            "required": false,
            "modified": "2013-07-03 16:24:56",
            "site": 1,
            "type": null,
            "slug": "bpbs_bsf",
            "description": "# Blood sugar (F)"
        },
        "model": "eav.attribute",
        "pk": 465
    },
    {
        "fields": {
            "name": "HEID Women Tested",
            "created": "2013-07-03 10:48:41",
            "datatype": "int",
            "enum_group": null,
            "required": false,
            "modified": "2013-07-03 16:23:35",
            "site": 1,
            "type": null,
            "slug": "heid_women",
            "description": "# Women Tested"
        },
        "model": "eav.attribute",
        "pk": 461
    },
    {
        "fields": {
            "name": "# IPT2",
            "created": "2013-07-03 10:38:37",
            "datatype": "int",
            "enum_group": null,
            "required": false,
            "modified": "2013-07-03 16:22:38",
            "site": 1,
            "type": null,
            "slug": "ancp_ipt2",
            "description": "# IPT2 Attendees"
        },
        "model": "eav.attribute",
        "pk": 457
    },
    {
        "fields": {
            "name": "NPET Dose 4",
            "created": "2013-07-03 10:31:54",
            "datatype": "int",
            "enum_group": null,
            "required": false,
            "modified": "2013-07-03 16:21:45",
            "site": 1,
            "type": null,
            "slug": "npet_dose4",
            "description": "# Dose 4"
        },
        "model": "eav.attribute",
        "pk": 452
    },
    {
        "fields": {
            "name": "TETN Dose 4",
            "created": "2013-07-03 10:26:32",
            "datatype": "int",
            "enum_group": null,
            "required": false,
            "modified": "2013-07-04 23:35:41",
            "site": 1,
            "type": null,
            "slug": "tetn_dose4",
            "description": "# of Dose 4"
        },
        "model": "eav.attribute",
        "pk": 447
    },
    {
        "fields": {
            "name": "PCV2 (F)",
            "created": "2013-07-03 09:34:58",
            "datatype": "int",
            "enum_group": null,
            "required": false,
            "modified": "2013-07-03 09:34:58",
            "site": 1,
            "type": null,
            "slug": "pcv_pcv2_f",
            "description": "PCV2 (F)"
        },
        "model": "eav.attribute",
        "pk": 441
    },
    {
        "fields": {
            "name": "Yellow MUAC (F)",
            "created": "2013-07-03 09:02:11",
            "datatype": "int",
            "enum_group": null,
            "required": false,
            "modified": "2013-07-04 23:34:34",
            "site": 1,
            "type": null,
            "slug": "ryg_yellow_female",
            "description": "Female Children (6 - 59 months) with MUAC in Yellow Zone"
        },
        "model": "eav.attribute",
        "pk": 436
    },
    {
        "fields": {
            "name": "Vitamin A (F) (12-59m)",
            "created": "2012-06-14 12:33:07",
            "datatype": "int",
            "enum_group": null,
            "required": false,
            "modified": "2013-07-04 23:31:05",
            "site": 1,
            "type": null,
            "slug": "vita_female2",
            "description": "Number of female children over 1 year"
        },
        "model": "eav.attribute",
        "pk": 403
    },
    {
        "fields": {
            "name": "Dorm (M) (5-14y)",
            "created": "2013-07-03 11:51:58",
            "datatype": "int",
            "enum_group": null,
            "required": false,
            "modified": "2013-07-03 16:19:06",
            "site": 1,
            "type": null,
            "slug": "dorm_male_5to14",
            "description": "# Male (5-14 years)"
        },
        "model": "eav.attribute",
        "pk": 468
    },
    {
        "fields": {
            "name": "Blood sugar (M)",
            "created": "2013-07-03 10:53:19",
            "datatype": "int",
            "enum_group": null,
            "required": false,
            "modified": "2013-07-03 16:24:49",
            "site": 1,
            "type": null,
            "slug": "bpbs_bsm",
            "description": "# Blood sugar (M)"
        },
        "model": "eav.attribute",
        "pk": 464
    },
    {
        "fields": {
            "name": "HEID Children (Total)",
            "created": "2013-07-03 10:48:05",
            "datatype": "int",
            "enum_group": null,
            "required": false,
            "modified": "2013-07-03 16:23:24",
            "site": 1,
            "type": null,
            "slug": "heid_tot",
            "description": "# Children (Total)"
        },
        "model": "eav.attribute",
        "pk": 460
    },
    {
        "fields": {
            "name": "# IPT1",
            "created": "2013-07-03 10:38:18",
            "datatype": "int",
            "enum_group": null,
            "required": false,
            "modified": "2013-07-03 16:22:33",
            "site": 1,
            "type": null,
            "slug": "ancp_ipt1",
            "description": "# IPT1 Attendees"
        },
        "model": "eav.attribute",
        "pk": 456
    },
    {
        "fields": {
            "name": "NPET Dose 3",
            "created": "2013-07-03 10:31:39",
            "datatype": "int",
            "enum_group": null,
            "required": false,
            "modified": "2013-07-03 16:21:38",
            "site": 1,
            "type": null,
            "slug": "npet_dose3",
            "description": "# Dose 3"
        },
        "model": "eav.attribute",
        "pk": 451
    },
    {
        "fields": {
            "name": "TETN Dose 3",
            "created": "2013-07-03 10:26:17",
            "datatype": "int",
            "enum_group": null,
            "required": false,
            "modified": "2013-07-04 23:35:40",
            "site": 1,
            "type": null,
            "slug": "tetn_dose3",
            "description": "# of Dose 3"
        },
        "model": "eav.attribute",
        "pk": 446
    },
    {
        "fields": {
            "name": "PCV2 (M)",
            "created": "2013-07-03 09:34:25",
            "datatype": "int",
            "enum_group": null,
            "required": false,
            "modified": "2013-07-03 09:34:25",
            "site": 1,
            "type": null,
            "slug": "pcv_pcv2_m",
            "description": "PCV2 (M)"
        },
        "model": "eav.attribute",
        "pk": 440
    },
    {
        "fields": {
            "name": "Yellow MUAC (M)",
            "created": "2013-03-20 18:08:43",
            "datatype": "int",
            "enum_group": null,
            "required": false,
            "modified": "2013-07-04 23:34:33",
            "site": 1,
            "type": null,
            "slug": "ryg_yellow_male",
            "description": "Male Children (6 - 59 months) with MUAC in Yellow Zone"
        },
        "model": "eav.attribute",
        "pk": 430
    },
    {
        "fields": {
            "name": "POW name",
            "created": "2012-08-31 05:57:55",
            "datatype": "text",
            "enum_group": null,
            "required": false,
            "modified": "2013-07-05 00:20:02",
            "site": 1,
            "type": "text",
            "slug": "pow_name",
            "description": "FHD Place of Worship"
        },
        "model": "eav.attribute",
        "pk": 416
    },
    {
        "fields": {
            "name": "Vitamin A (M) (12-59m)",
            "created": "2012-06-14 12:33:06",
            "datatype": "int",
            "enum_group": null,
            "required": false,
            "modified": "2013-07-04 23:31:03",
            "site": 1,
            "type": null,
            "slug": "vita_male2",
            "description": "Number of male children over 1 year"
        },
        "model": "eav.attribute",
        "pk": 402
    },
    {
        "fields": {
            "name": "Dorm (F) (1-4y)",
            "created": "2013-07-03 11:51:05",
            "datatype": "int",
            "enum_group": null,
            "required": false,
            "modified": "2013-07-03 16:18:15",
            "site": 1,
            "type": null,
            "slug": "dorm_female_1to4",
            "description": "# Female (1-4 years)"
        },
        "model": "eav.attribute",
        "pk": 467
    },
    {
        "fields": {
            "name": "Blood pressure (F)",
            "created": "2013-07-03 10:52:50",
            "datatype": "int",
            "enum_group": null,
            "required": false,
            "modified": "2013-07-03 16:24:43",
            "site": 1,
            "type": null,
            "slug": "bpbs_bpf",
            "description": "# Blood pressure (F)"
        },
        "model": "eav.attribute",
        "pk": 463
    },
    {
        "fields": {
            "name": "HEID Children (F)",
            "created": "2013-07-03 10:47:45",
            "datatype": "int",
            "enum_group": null,
            "required": false,
            "modified": "2013-07-03 16:23:12",
            "site": 1,
            "type": null,
            "slug": "heid_female",
            "description": "# Children (F)"
        },
        "model": "eav.attribute",
        "pk": 459
    },
    {
        "fields": {
            "name": "# ANC4",
            "created": "2013-07-03 10:37:15",
            "datatype": "int",
            "enum_group": null,
            "required": false,
            "modified": "2013-07-03 16:22:28",
            "site": 1,
            "type": null,
            "slug": "ancp_anc4",
            "description": "# ANC4 attendees"
        },
        "model": "eav.attribute",
        "pk": 455
    },
    {
        "fields": {
            "name": "NPET Dose 2",
            "created": "2013-07-03 10:30:30",
            "datatype": "int",
            "enum_group": null,
            "required": false,
            "modified": "2013-07-03 16:21:32",
            "site": 1,
            "type": null,
            "slug": "npet_dose2",
            "description": "# Dose 2"
        },
        "model": "eav.attribute",
        "pk": 450
    },
    {
        "fields": {
            "name": "TETN Dose 2",
            "created": "2013-07-03 10:25:59",
            "datatype": "int",
            "enum_group": null,
            "required": false,
            "modified": "2013-07-04 23:35:39",
            "site": 1,
            "type": null,
            "slug": "tetn_dose2",
            "description": "# of Dose 2"
        },
        "model": "eav.attribute",
        "pk": 445
    },
    {
        "fields": {
            "name": "PCV1 (F)",
            "created": "2013-07-03 09:33:59",
            "datatype": "int",
            "enum_group": null,
            "required": false,
            "modified": "2013-07-03 09:33:59",
            "site": 1,
            "type": null,
            "slug": "pcv_pcv1_f",
            "description": "PCV1 (F)"
        },
        "model": "eav.attribute",
        "pk": 439
    },
    {
        "fields": {
            "name": "Red MUAC (F)",
            "created": "2013-07-03 09:00:55",
            "datatype": "int",
            "enum_group": null,
            "required": false,
            "modified": "2013-07-04 23:34:32",
            "site": 1,
            "type": null,
            "slug": "ryg_red_female",
            "description": "Female Children (6 - 59 months) with MUAC in Red Zone"
        },
        "model": "eav.attribute",
        "pk": 435
    },
    {
        "fields": {
            "name": "POW Code",
            "created": "2013-07-02 20:21:14",
            "datatype": "int",
            "enum_group": null,
            "required": false,
            "modified": "2013-07-05 00:20:02",
            "site": 1,
            "type": null,
            "slug": "pow_code",
            "description": "The code that describes the type of POW: 01 Catholic, 02 COU, 03 Muslim, 04 Other"
        },
        "model": "eav.attribute",
        "pk": 433
    },
    {
        "fields": {
            "name": "Birth Registration (F)",
            "created": "2012-06-14 12:44:20",
            "datatype": "int",
            "enum_group": null,
            "required": false,
            "modified": "2013-07-04 23:39:11",
            "site": 1,
            "type": null,
            "slug": "breg_female",
            "description": "Number of female children"
        },
        "model": "eav.attribute",
        "pk": 415
    },
    {
        "fields": {
            "name": "Vitamin A (F) (6-11m)",
            "created": "2012-06-14 12:33:05",
            "datatype": "int",
            "enum_group": null,
            "required": false,
            "modified": "2013-07-04 23:31:01",
            "site": 1,
            "type": null,
            "slug": "vita_female1",
            "description": "Number of female children between 6 and 11 months"
        },
        "model": "eav.attribute",
        "pk": 401
    },
    {
        "fields": {
            "name": "Measles (F)",
            "created": "2012-06-14 12:29:51",
            "datatype": "int",
            "enum_group": null,
            "required": false,
            "modified": "2013-07-04 23:27:05",
            "site": 1,
            "type": null,
            "slug": "vacm_female",
            "description": "Number of female children"
        },
        "model": "eav.attribute",
        "pk": 399
    },
    {
        "fields": {
            "name": "DPT (F)",
            "created": "2012-06-14 12:27:53",
            "datatype": "int",
            "enum_group": null,
            "required": false,
            "modified": "2013-07-04 23:26:19",
            "site": 1,
            "type": null,
            "slug": "dpt_female",
            "description": "Number of females"
        },
        "model": "eav.attribute",
        "pk": 397
    },
    {
        "fields": {
            "name": "Dorm (M) (1-4y)",
            "created": "2013-07-03 11:50:18",
            "datatype": "int",
            "enum_group": null,
            "required": false,
            "modified": "2013-07-03 16:17:53",
            "site": 1,
            "type": null,
            "slug": "dorm_male_1to4",
            "description": "# Male\n(1-4 years)\n"
        },
        "model": "eav.attribute",
        "pk": 466
    },
    {
        "fields": {
            "name": "Blood pressure (M)",
            "created": "2013-07-03 10:52:33",
            "datatype": "int",
            "enum_group": null,
            "required": false,
            "modified": "2013-07-03 16:24:37",
            "site": 1,
            "type": null,
            "slug": "bpbs_bpm",
            "description": "# Blood pressure (M)"
        },
        "model": "eav.attribute",
        "pk": 462
    },
    {
        "fields": {
            "name": "HEID Children (M)",
            "created": "2013-07-03 10:47:30",
            "datatype": "int",
            "enum_group": null,
            "required": false,
            "modified": "2013-07-03 16:23:04",
            "site": 1,
            "type": null,
            "slug": "heid_male",
            "description": "# Children (M)"
        },
        "model": "eav.attribute",
        "pk": 458
    },
    {
        "fields": {
            "name": "# ANC1",
            "created": "2013-07-03 10:36:58",
            "datatype": "int",
            "enum_group": null,
            "required": false,
            "modified": "2013-07-03 16:22:23",
            "site": 1,
            "type": null,
            "slug": "ancp_anc1",
            "description": "# ANC1 attendees"
        },
        "model": "eav.attribute",
        "pk": 454
    },
    {
        "fields": {
            "name": "NPET Dose 1",
            "created": "2013-07-03 10:30:18",
            "datatype": "int",
            "enum_group": null,
            "required": false,
            "modified": "2013-07-03 16:21:26",
            "site": 1,
            "type": null,
            "slug": "npet_dose1",
            "description": "# Dose 1"
        },
        "model": "eav.attribute",
        "pk": 449
    },
    {
        "fields": {
            "name": "TETN Dose 1",
            "created": "2013-07-03 10:25:46",
            "datatype": "int",
            "enum_group": null,
            "required": false,
            "modified": "2013-07-04 23:35:38",
            "site": 1,
            "type": null,
            "slug": "tetn_dose1",
            "description": "# of Dose 1"
        },
        "model": "eav.attribute",
        "pk": 444
    },
    {
        "fields": {
            "name": "PCV1 (M)",
            "created": "2013-07-03 09:33:35",
            "datatype": "int",
            "enum_group": null,
            "required": false,
            "modified": "2013-07-03 09:33:35",
            "site": 1,
            "type": null,
            "slug": "pcv_pcv1_m",
            "description": "PCV1 (M)"
        },
        "model": "eav.attribute",
        "pk": 438
    },
    {
        "fields": {
            "name": "POW District",
            "created": "2013-07-02 20:19:14",
            "datatype": "text",
            "enum_group": null,
            "required": false,
            "modified": "2013-07-05 00:20:02",
            "site": 1,
            "type": null,
            "slug": "pow_district",
            "description": "The district this FHD Place of Worship belongs to"
        },
        "model": "eav.attribute",
        "pk": 432
    },
    {
        "fields": {
            "name": "Red MUAC (M)",
            "created": "2013-03-20 18:08:12",
            "datatype": "int",
            "enum_group": null,
            "required": false,
            "modified": "2013-07-04 23:34:31",
            "site": 1,
            "type": null,
            "slug": "ryg_red_male",
            "description": "Male Children (6 - 59 months) with MUAC in Red Zone"
        },
        "model": "eav.attribute",
        "pk": 429
    },
    {
        "fields": {
            "name": "Birth Registration (M)",
            "created": "2012-06-14 12:44:19",
            "datatype": "int",
            "enum_group": null,
            "required": false,
            "modified": "2013-07-04 23:39:10",
            "site": 1,
            "type": null,
            "slug": "breg_male",
            "description": "Number of male children"
        },
        "model": "eav.attribute",
        "pk": 414
    },
    {
        "fields": {
            "name": "Vitamin A (M) (6-11m)",
            "created": "2012-06-14 12:33:04",
            "datatype": "int",
            "enum_group": null,
            "required": false,
            "modified": "2013-07-04 23:30:59",
            "site": 1,
            "type": null,
            "slug": "vita_male1",
            "description": "Number of male children between 6 and 11 months"
        },
        "model": "eav.attribute",
        "pk": 400
    },
    {
        "fields": {
            "name": "Measles (M)",
            "created": "2012-06-14 12:29:50",
            "datatype": "int",
            "enum_group": null,
            "required": false,
            "modified": "2013-07-04 23:27:04",
            "site": 1,
            "type": null,
            "slug": "vacm_male",
            "description": "Number of male children"
        },
        "model": "eav.attribute",
        "pk": 398
    },
    {
        "fields": {
            "name": "DPT (M)",
            "created": "2012-06-14 12:27:51",
            "datatype": "int",
            "enum_group": null,
            "required": false,
            "modified": "2013-07-04 23:26:17",
            "site": 1,
            "type": null,
            "slug": "dpt_male",
            "description": "Number of males"
        },
        "model": "eav.attribute",
        "pk": 396
    },
    {
        "fields": {
            "name": "Dose 5",
            "created": "2012-06-14 12:39:44",
            "datatype": "int",
            "enum_group": null,
            "required": false,
            "modified": "2012-06-14 12:39:44",
            "site": 1,
            "type": null,
            "slug": "tet_dose5",
            "description": "Number of children"
        },
        "model": "eav.attribute",
        "pk": 410
    },
    {
        "fields": {
            "name": "Dose 4",
            "created": "2012-06-14 12:39:43",
            "datatype": "int",
            "enum_group": null,
            "required": false,
            "modified": "2012-06-14 12:39:43",
            "site": 1,
            "type": null,
            "slug": "tet_dose4",
            "description": "Number of children"
        },
        "model": "eav.attribute",
        "pk": 409
    },
    {
        "fields": {
            "name": "FHD Reached (deprecated)",
            "created": "2012-09-25 03:56:49",
            "datatype": "int",
            "enum_group": null,
            "required": false,
            "modified": "2012-09-26 10:20:19",
            "site": 1,
            "type": "",
            "slug": "summary_tot",
            "description": "Actual Places Of Worship reached"
        },
        "model": "eav.attribute",
        "pk": 421
    },
    {
        "fields": {
            "name": "FHD POWs reached",
            "created": "2012-08-31 06:01:21",
            "datatype": "int",
            "enum_group": null,
            "required": false,
            "modified": "2012-09-26 10:19:04",
            "site": 1,
            "type": "",
            "slug": "sum_tot",
            "description": "Actual Places Of Worship reached"
        },
        "model": "eav.attribute",
        "pk": 418
    },
    {
        "fields": {
            "name": "Female children",
            "created": "2012-06-14 12:42:37",
            "datatype": "int",
            "enum_group": null,
            "required": false,
            "modified": "2012-06-14 12:42:37",
            "site": 1,
            "type": null,
            "slug": "eid_female",
            "description": "Number of female children"
        },
        "model": "eav.attribute",
        "pk": 413
    },
    {
        "fields": {
            "name": "Dose 3",
            "created": "2012-06-14 12:39:42",
            "datatype": "int",
            "enum_group": null,
            "required": false,
            "modified": "2012-06-14 12:39:42",
            "site": 1,
            "type": null,
            "slug": "tet_dose3",
            "description": "Number of children"
        },
        "model": "eav.attribute",
        "pk": 408
    },
    {
        "fields": {
            "name": "Female children",
            "created": "2012-06-14 12:35:01",
            "datatype": "int",
            "enum_group": null,
            "required": false,
            "modified": "2012-06-14 12:35:01",
            "site": 1,
            "type": null,
            "slug": "worm_female",
            "description": "Number of female children"
        },
        "model": "eav.attribute",
        "pk": 405
    },
    {
        "fields": {
            "name": "FHD Expected (deprecated)",
            "created": "2012-09-25 03:55:17",
            "datatype": "int",
            "enum_group": null,
            "required": false,
            "modified": "2012-09-26 10:18:17",
            "site": 1,
            "type": "",
            "slug": "summary_exp",
            "description": "Total Places Of Worships expected to be reached"
        },
        "model": "eav.attribute",
        "pk": 420
    },
    {
        "fields": {
            "name": "FHD Expected",
            "created": "2012-08-31 06:00:07",
            "datatype": "int",
            "enum_group": null,
            "required": false,
            "modified": "2012-09-26 10:17:52",
            "site": 1,
            "type": "",
            "slug": "sum_exp",
            "description": "Total Places Of Worships expected to be reached"
        },
        "model": "eav.attribute",
        "pk": 417
    },
    {
        "fields": {
            "name": "Male children",
            "created": "2012-06-14 12:42:36",
            "datatype": "int",
            "enum_group": null,
            "required": false,
            "modified": "2012-06-14 12:42:36",
            "site": 1,
            "type": null,
            "slug": "eid_male",
            "description": "Number of male children"
        },
        "model": "eav.attribute",
        "pk": 412
    },
    {
        "fields": {
            "name": "Number of children",
            "created": "2012-06-14 12:41:09",
            "datatype": "int",
            "enum_group": null,
            "required": false,
            "modified": "2012-06-14 12:41:09",
            "site": 1,
            "type": null,
            "slug": "anc_number",
            "description": "Number of children"
        },
        "model": "eav.attribute",
        "pk": 411
    },
    {
        "fields": {
            "name": "Dose 2",
            "created": "2012-06-14 12:39:41",
            "datatype": "int",
            "enum_group": null,
            "required": false,
            "modified": "2012-06-14 12:39:41",
            "site": 1,
            "type": null,
            "slug": "tet_dose2",
            "description": "Number of children"
        },
        "model": "eav.attribute",
        "pk": 407
    },
    {
        "fields": {
            "name": "Number of children",
            "created": "2012-06-14 12:37:01",
            "datatype": "int",
            "enum_group": null,
            "required": false,
            "modified": "2012-06-14 12:37:01",
            "site": 1,
            "type": null,
            "slug": "redm_number",
            "description": "Number of children"
        },
        "model": "eav.attribute",
        "pk": 406
    },
    {
        "fields": {
            "name": "Male children",
            "created": "2012-06-14 12:35:00",
            "datatype": "int",
            "enum_group": null,
            "required": false,
            "modified": "2012-06-14 12:35:00",
            "site": 1,
            "type": null,
            "slug": "worm_male",
            "description": "Number of male children"
        },
        "model": "eav.attribute",
        "pk": 404
    },
    {
        "fields": {
            "field_type": "fuzzynum",
            "xform": 77,
            "command": "pcv3_f",
            "order": 5,
            "question": null
        },
        "model": "rapidsms_xforms.xformfield",
        "pk": 443
    },
    {
        "fields": {
            "field_type": "fuzzynum",
            "xform": 76,
            "command": "green_female",
            "order": 5,
            "question": null
        },
        "model": "rapidsms_xforms.xformfield",
        "pk": 437
    },
    {
        "fields": {
            "field_type": "fuzzynum",
            "xform": 79,
            "command": "dose5",
            "order": 4,
            "question": null
        },
        "model": "rapidsms_xforms.xformfield",
        "pk": 453
    },
    {
        "fields": {
            "field_type": "fuzzynum",
            "xform": 78,
            "command": "dose5",
            "order": 4,
            "question": null
        },
        "model": "rapidsms_xforms.xformfield",
        "pk": 448
    },
    {
        "fields": {
            "field_type": "fuzzynum",
            "xform": 77,
            "command": "pcv3_m",
            "order": 4,
            "question": null
        },
        "model": "rapidsms_xforms.xformfield",
        "pk": 442
    },
    {
        "fields": {
            "field_type": "fuzzynum",
            "xform": 76,
            "command": "green_male",
            "order": 4,
            "question": null
        },
        "model": "rapidsms_xforms.xformfield",
        "pk": 431
    },
    {
        "fields": {
            "field_type": "fuzzynum",
            "xform": 83,
            "command": "female_5to14",
            "order": 3,
            "question": null
        },
        "model": "rapidsms_xforms.xformfield",
        "pk": 469
    },
    {
        "fields": {
            "field_type": "fuzzynum",
            "xform": 82,
            "command": "bsf",
            "order": 3,
            "question": null
        },
        "model": "rapidsms_xforms.xformfield",
        "pk": 465
    },
    {
        "fields": {
            "field_type": "fuzzynum",
            "xform": 81,
            "command": "women",
            "order": 3,
            "question": null
        },
        "model": "rapidsms_xforms.xformfield",
        "pk": 461
    },
    {
        "fields": {
            "field_type": "fuzzynum",
            "xform": 80,
            "command": "ipt2",
            "order": 3,
            "question": null
        },
        "model": "rapidsms_xforms.xformfield",
        "pk": 457
    },
    {
        "fields": {
            "field_type": "fuzzynum",
            "xform": 79,
            "command": "dose4",
            "order": 3,
            "question": null
        },
        "model": "rapidsms_xforms.xformfield",
        "pk": 452
    },
    {
        "fields": {
            "field_type": "fuzzynum",
            "xform": 78,
            "command": "dose4",
            "order": 3,
            "question": null
        },
        "model": "rapidsms_xforms.xformfield",
        "pk": 447
    },
    {
        "fields": {
            "field_type": "fuzzynum",
            "xform": 77,
            "command": "pcv2_f",
            "order": 3,
            "question": null
        },
        "model": "rapidsms_xforms.xformfield",
        "pk": 441
    },
    {
        "fields": {
            "field_type": "fuzzynum",
            "xform": 76,
            "command": "yellow_female",
            "order": 3,
            "question": null
        },
        "model": "rapidsms_xforms.xformfield",
        "pk": 436
    },
    {
        "fields": {
            "field_type": "fuzzynum",
            "xform": 63,
            "command": "female2",
            "order": 3,
            "question": null
        },
        "model": "rapidsms_xforms.xformfield",
        "pk": 403
    },
    {
        "fields": {
            "field_type": "fuzzynum",
            "xform": 83,
            "command": "male_5to14",
            "order": 2,
            "question": null
        },
        "model": "rapidsms_xforms.xformfield",
        "pk": 468
    },
    {
        "fields": {
            "field_type": "fuzzynum",
            "xform": 82,
            "command": "bsm",
            "order": 2,
            "question": null
        },
        "model": "rapidsms_xforms.xformfield",
        "pk": 464
    },
    {
        "fields": {
            "field_type": "fuzzynum",
            "xform": 81,
            "command": "tot",
            "order": 2,
            "question": null
        },
        "model": "rapidsms_xforms.xformfield",
        "pk": 460
    },
    {
        "fields": {
            "field_type": "fuzzynum",
            "xform": 80,
            "command": "ipt1",
            "order": 2,
            "question": null
        },
        "model": "rapidsms_xforms.xformfield",
        "pk": 456
    },
    {
        "fields": {
            "field_type": "fuzzynum",
            "xform": 79,
            "command": "dose3",
            "order": 2,
            "question": null
        },
        "model": "rapidsms_xforms.xformfield",
        "pk": 451
    },
    {
        "fields": {
            "field_type": "fuzzynum",
            "xform": 78,
            "command": "dose3",
            "order": 2,
            "question": null
        },
        "model": "rapidsms_xforms.xformfield",
        "pk": 446
    },
    {
        "fields": {
            "field_type": "fuzzynum",
            "xform": 77,
            "command": "pcv2_m",
            "order": 2,
            "question": null
        },
        "model": "rapidsms_xforms.xformfield",
        "pk": 440
    },
    {
        "fields": {
            "field_type": "fuzzynum",
            "xform": 76,
            "command": "yellow_male",
            "order": 2,
            "question": null
        },
        "model": "rapidsms_xforms.xformfield",
        "pk": 430
    },
    {
        "fields": {
            "field_type": "text",
            "xform": 70,
            "command": "name",
            "order": 2,
            "question": ""
        },
        "model": "rapidsms_xforms.xformfield",
        "pk": 416
    },
    {
        "fields": {
            "field_type": "fuzzynum",
            "xform": 63,
            "command": "male2",
            "order": 2,
            "question": null
        },
        "model": "rapidsms_xforms.xformfield",
        "pk": 402
    },
    {
        "fields": {
            "field_type": "fuzzynum",
            "xform": 83,
            "command": "female_1to4",
            "order": 1,
            "question": null
        },
        "model": "rapidsms_xforms.xformfield",
        "pk": 467
    },
    {
        "fields": {
            "field_type": "fuzzynum",
            "xform": 82,
            "command": "bpf",
            "order": 1,
            "question": null
        },
        "model": "rapidsms_xforms.xformfield",
        "pk": 463
    },
    {
        "fields": {
            "field_type": "fuzzynum",
            "xform": 81,
            "command": "female",
            "order": 1,
            "question": null
        },
        "model": "rapidsms_xforms.xformfield",
        "pk": 459
    },
    {
        "fields": {
            "field_type": "fuzzynum",
            "xform": 80,
            "command": "anc4",
            "order": 1,
            "question": null
        },
        "model": "rapidsms_xforms.xformfield",
        "pk": 455
    },
    {
        "fields": {
            "field_type": "fuzzynum",
            "xform": 79,
            "command": "dose2",
            "order": 1,
            "question": null
        },
        "model": "rapidsms_xforms.xformfield",
        "pk": 450
    },
    {
        "fields": {
            "field_type": "fuzzynum",
            "xform": 78,
            "command": "dose2",
            "order": 1,
            "question": null
        },
        "model": "rapidsms_xforms.xformfield",
        "pk": 445
    },
    {
        "fields": {
            "field_type": "fuzzynum",
            "xform": 77,
            "command": "pcv1_f",
            "order": 1,
            "question": null
        },
        "model": "rapidsms_xforms.xformfield",
        "pk": 439
    },
    {
        "fields": {
            "field_type": "fuzzynum",
            "xform": 76,
            "command": "red_female",
            "order": 1,
            "question": null
        },
        "model": "rapidsms_xforms.xformfield",
        "pk": 435
    },
    {
        "fields": {
            "field_type": "fuzzynum",
            "xform": 70,
            "command": "code",
            "order": 1,
            "question": null
        },
        "model": "rapidsms_xforms.xformfield",
        "pk": 433
    },
    {
        "fields": {
            "field_type": "fuzzynum",
            "xform": 69,
            "command": "female",
            "order": 1,
            "question": null
        },
        "model": "rapidsms_xforms.xformfield",
        "pk": 415
    },
    {
        "fields": {
            "field_type": "fuzzynum",
            "xform": 63,
            "command": "female1",
            "order": 1,
            "question": null
        },
        "model": "rapidsms_xforms.xformfield",
        "pk": 401
    },
    {
        "fields": {
            "field_type": "fuzzynum",
            "xform": 62,
            "command": "female",
            "order": 1,
            "question": null
        },
        "model": "rapidsms_xforms.xformfield",
        "pk": 399
    },
    {
        "fields": {
            "field_type": "fuzzynum",
            "xform": 61,
            "command": "female",
            "order": 1,
            "question": null
        },
        "model": "rapidsms_xforms.xformfield",
        "pk": 397
    },
    {
        "fields": {
            "field_type": "fuzzynum",
            "xform": 83,
            "command": "male_1to4",
            "order": 0,
            "question": null
        },
        "model": "rapidsms_xforms.xformfield",
        "pk": 466
    },
    {
        "fields": {
            "field_type": "fuzzynum",
            "xform": 82,
            "command": "bpm",
            "order": 0,
            "question": null
        },
        "model": "rapidsms_xforms.xformfield",
        "pk": 462
    },
    {
        "fields": {
            "field_type": "fuzzynum",
            "xform": 81,
            "command": "male",
            "order": 0,
            "question": null
        },
        "model": "rapidsms_xforms.xformfield",
        "pk": 458
    },
    {
        "fields": {
            "field_type": "fuzzynum",
            "xform": 80,
            "command": "anc1",
            "order": 0,
            "question": null
        },
        "model": "rapidsms_xforms.xformfield",
        "pk": 454
    },
    {
        "fields": {
            "field_type": "fuzzynum",
            "xform": 79,
            "command": "dose1",
            "order": 0,
            "question": null
        },
        "model": "rapidsms_xforms.xformfield",
        "pk": 449
    },
    {
        "fields": {
            "field_type": "fuzzynum",
            "xform": 78,
            "command": "dose1",
            "order": 0,
            "question": null
        },
        "model": "rapidsms_xforms.xformfield",
        "pk": 444
    },
    {
        "fields": {
            "field_type": "fuzzynum",
            "xform": 77,
            "command": "pcv1_m",
            "order": 0,
            "question": null
        },
        "model": "rapidsms_xforms.xformfield",
        "pk": 438
    },
    {
        "fields": {
            "field_type": "text",
            "xform": 70,
            "command": "district",
            "order": 0,
            "question": null
        },
        "model": "rapidsms_xforms.xformfield",
        "pk": 432
    },
    {
        "fields": {
            "field_type": "fuzzynum",
            "xform": 76,
            "command": "red_male",
            "order": 0,
            "question": null
        },
        "model": "rapidsms_xforms.xformfield",
        "pk": 429
    },
    {
        "fields": {
            "field_type": "fuzzynum",
            "xform": 69,
            "command": "male",
            "order": 0,
            "question": null
        },
        "model": "rapidsms_xforms.xformfield",
        "pk": 414
    },
    {
        "fields": {
            "field_type": "fuzzynum",
            "xform": 63,
            "command": "male1",
            "order": 0,
            "question": null
        },
        "model": "rapidsms_xforms.xformfield",
        "pk": 400
    },
    {
        "fields": {
            "field_type": "fuzzynum",
            "xform": 62,
            "command": "male",
            "order": 0,
            "question": null
        },
        "model": "rapidsms_xforms.xformfield",
        "pk": 398
    },
    {
        "fields": {
            "field_type": "fuzzynum",
            "xform": 61,
            "command": "male",
            "order": 0,
            "question": null
        },
        "model": "rapidsms_xforms.xformfield",
        "pk": 396
    },
    {
        "fields": {
            "field_type": "fuzzynum",
            "xform": 66,
            "command": "dose5",
            "order": 3,
            "question": null
        },
        "model": "rapidsms_xforms.xformfield",
        "pk": 410
    },
    {
        "fields": {
            "field_type": "fuzzynum",
            "xform": 66,
            "command": "dose4",
            "order": 2,
            "question": null
        },
        "model": "rapidsms_xforms.xformfield",
        "pk": 409
    },
    {
        "fields": {
            "field_type": "fuzzynum",
            "xform": 72,
            "command": "tot",
            "order": 1,
            "question": ""
        },
        "model": "rapidsms_xforms.xformfield",
        "pk": 421
    },
    {
        "fields": {
            "field_type": "fuzzynum",
            "xform": 71,
            "command": "tot",
            "order": 1,
            "question": ""
        },
        "model": "rapidsms_xforms.xformfield",
        "pk": 418
    },
    {
        "fields": {
            "field_type": "fuzzynum",
            "xform": 68,
            "command": "female",
            "order": 1,
            "question": null
        },
        "model": "rapidsms_xforms.xformfield",
        "pk": 413
    },
    {
        "fields": {
            "field_type": "fuzzynum",
            "xform": 66,
            "command": "dose3",
            "order": 1,
            "question": null
        },
        "model": "rapidsms_xforms.xformfield",
        "pk": 408
    },
    {
        "fields": {
            "field_type": "fuzzynum",
            "xform": 64,
            "command": "female",
            "order": 1,
            "question": null
        },
        "model": "rapidsms_xforms.xformfield",
        "pk": 405
    },
    {
        "fields": {
            "field_type": "fuzzynum",
            "xform": 72,
            "command": "exp",
            "order": 0,
            "question": ""
        },
        "model": "rapidsms_xforms.xformfield",
        "pk": 420
    },
    {
        "fields": {
            "field_type": "fuzzynum",
            "xform": 71,
            "command": "exp",
            "order": 0,
            "question": ""
        },
        "model": "rapidsms_xforms.xformfield",
        "pk": 417
    },
    {
        "fields": {
            "field_type": "fuzzynum",
            "xform": 68,
            "command": "male",
            "order": 0,
            "question": null
        },
        "model": "rapidsms_xforms.xformfield",
        "pk": 412
    },
    {
        "fields": {
            "field_type": "fuzzynum",
            "xform": 67,
            "command": "number",
            "order": 0,
            "question": null
        },
        "model": "rapidsms_xforms.xformfield",
        "pk": 411
    },
    {
        "fields": {
            "field_type": "fuzzynum",
            "xform": 66,
            "command": "dose2",
            "order": 0,
            "question": null
        },
        "model": "rapidsms_xforms.xformfield",
        "pk": 407
    },
    {
        "fields": {
            "field_type": "fuzzynum",
            "xform": 65,
            "command": "number",
            "order": 0,
            "question": null
        },
        "model": "rapidsms_xforms.xformfield",
        "pk": 406
    },
    {
        "fields": {
            "field_type": "fuzzynum",
            "xform": 64,
            "command": "male",
            "order": 0,
            "question": null
        },
        "model": "rapidsms_xforms.xformfield",
        "pk": 404
    }
]
